{"stat.useItem.20":4,"stat.useItem.351":102,"stat.useItem.65":7,"stat.useItem.66":8,"stat.walkOneCm":80224,"stat.useItem.355":4,"stat.useItem.61":2,"stat.useItem.287":6,"stat.jump":282,"stat.swimOneCm":1567,"stat.useItem.126":64,"stat.useItem.323":1,"stat.climbOneCm":0,"achievement.exploreAllBiomes":{"value":0,"progress":["Plains"]},"stat.useItem.35":229,"stat.useItem.172":1,"stat.useItem.42":22,"stat.useItem.44":88,"stat.useItem.89":25,"stat.useItem.134":29,"stat.useItem.85":203,"stat.useItem.41":4,"achievement.openInventory":99,"stat.mobKills":3,"stat.useItem.53":10,"stat.useItem.383":6,"stat.flyOneCm":1416164,"stat.drop":2,"stat.useItem.101":9,"stat.useItem.96":27,"stat.playOneMinute":116484,"stat.useItem.1":1,"stat.useItem.4":11,"stat.useItem.5":49,"stat.useItem.3":16,"stat.damageDealt":160,"stat.useItem.17":32,"stat.killEntity.Cow":1,"stat.useItem.18":6,"stat.useItem.13":17,"stat.diveOneCm":344}